,WHOLE_TIME,CITY,TIMES,LATITUDE,LONGITUDE,STATION_ID,LIGHT,Temperature,WS,RH,Precp,ROAD_TYPE_SUB1,SIGNAL_TYPE,VEHICLE_MAIN,OBJ_GENDER,OBJ_AGE,CAMERA_ID,EQUIP_TYPE
0,14,新北市,3,25.074364,121.5027884,C0AI30,日間自然光線,31.1,1.4,0.59,0.00,交岔路,行車管制號誌,機車,女,中年,NP0783,移動式測速設備執法地點
1,14,新北市,1,25.05685241,121.49912,C0AI30,日間自然光線,31.1,1.4,0.59,0.00,交岔路,行車管制號誌,機車,女,中年,NP0808,移動式測速設備執法地點
2,14,新北市,2,24.9957521,121.4351926,C0AD40,日間自然光線,29.5,0.6,0.79,0.00,交岔路,行車管制號誌,機車,女,中年,NP0439,移動式測速設備執法地點
3,14,新北市,4,25.06399145,121.5025369,C0AI30,日間自然光線,31.1,1.4,0.59,0.00,交岔路,行車管制號誌,機車,女,中年,NP0104,固定式交通違規照相路段
4,14,新北市,2,25.02221386,121.4854458,C0AH10,日間自然光線,30.2,0.8,0.74,0.00,交岔路,行車管制號誌,機車,女,中年,NP0178,固定式交通違規照相路段
5,14,新北市,1,25.01763166,121.5109428,C0AH10,日間自然光線,30.2,0.8,0.74,0.00,交岔路,行車管制號誌(附設行人專用號誌),機車,女,中年,NP0352,移動式測速設備執法地點
6,14,新北市,1,25.06164913,121.6522281,C0AH00,日間自然光線,30.3,1.3,0.52,0.00,交岔路,行車管制號誌,機車,女,中年,NP0172,固定式交通違規照相路段
7,14,新北市,1,24.93641477,121.389341,C0AC60,日間自然光線,-99,-99,-99,0.00,交岔路,行車管制號誌(附設行人專用號誌),機車,女,中年,NP0113,固定式交通違規照相路段
8,14,新北市,1,25.01443495,121.4710998,C0AD40,日間自然光線,29.5,0.6,0.79,0.00,單路部分,無號誌,機車,女,中年,,
9,14,新北市,1,25.00467692,121.5039398,C0AH10,日間自然光線,30.2,0.8,0.74,0.00,交岔路,行車管制號誌(附設行人專用號誌),機車,女,中年,,
10,14,新北市,1,25.00911085,121.4995779,C0AH10,日間自然光線,30.2,0.8,0.74,0.00,交岔路,行車管制號誌,機車,女,中年,,
11,14,新北市,1,25.09126876,121.4571051,C0AD30,日間自然光線,31.7,2.2,0.59,0.00,交岔路,行車管制號誌,機車,女,中年,NP0325,固定式交通違規照相路段
12,14,新北市,1,25.01883563,121.465242,C0AD40,日間自然光線,29.5,0.6,0.79,0.00,單路部分,無號誌,機車,女,中年,,
13,14,新北市,1,25.06213013,121.6532192,C0AH00,日間自然光線,30.3,1.3,0.52,0.00,單路部分,行車管制號誌,機車,女,中年,NP0025,違規停車科技執法
14,14,新北市,1,25.01665215,121.5153603,C0AH10,日間自然光線,30.2,0.8,0.74,0.00,交岔路,無號誌,機車,女,中年,NP0156,固定式交通違規照相路段
15,14,新北市,1,25.00792995,121.525205,C0AH10,日間自然光線,30.2,0.8,0.74,0.00,交岔路,無號誌,機車,女,中年,NP0351,移動式測速設備執法地點
16,14,新北市,1,25.0059756,121.459593,C0AD40,日間自然光線,29.5,0.6,0.79,0.00,單路部分,行車管制號誌,機車,女,中年,,
17,14,新北市,1,25.06398689,121.6516753,C0AH00,日間自然光線,30.3,1.3,0.52,0.00,交岔路,行車管制號誌,機車,女,中年,NP0172,固定式交通違規照相路段
18,14,新北市,1,25.06146019,121.4868389,C0AI30,日間自然光線,31.1,1.4,0.59,0.00,單路部分,無號誌,機車,女,中年,NP0052,路口多功能違規科技執法
19,14,新北市,1,25.00941408,121.4632981,C0AD40,日間自然光線,29.5,0.6,0.79,0.00,交岔路,行車管制號誌,機車,女,中年,NP0910,違規停車科技執法
20,14,新北市,1,25.03477598,121.4540541,C0ACA0,日間自然光線,29.3,0.8,0.8,0.00,單路部分,行車管制號誌,機車,女,中年,NP0055,路口多功能違規科技執法
21,14,新北市,2,24.98675891,121.540831,C0AG80,日間自然光線,29.7,1.0,0.78,0.00,交岔路,行車管制號誌,機車,女,中年,NP0258,固定式交通違規照相路段
22,14,新北市,1,25.07158932,121.4951594,C0AI30,日間自然光線,31.1,1.4,0.59,0.00,交岔路,行車管制號誌(附設行人專用號誌),機車,女,中年,,
23,14,新北市,1,24.99107121,121.4483407,C0AD40,日間自然光線,29.5,0.6,0.79,0.00,單路部分,無號誌,機車,女,中年,,
24,14,新北市,1,25.00832823,121.5084176,C0AH10,日間自然光線,30.2,0.8,0.74,0.00,交岔路,行車管制號誌(附設行人專用號誌),機車,女,中年,NP0048,路口多功能違規科技執法
25,14,新北市,1,25.05569072,121.4938304,C0AI30,日間自然光線,31.1,1.4,0.59,0.00,交岔路,行車管制號誌(附設行人專用號誌),機車,女,中年,NP0952,違規停車科技執法
26,14,新北市,3,24.99365961,121.498467,C0AG80,日間自然光線,29.7,1.0,0.78,0.00,交岔路,行車管制號誌(附設行人專用號誌),機車,女,中年,NP0049,路口多功能違規科技執法
27,14,新北市,1,25.03890455,121.4603072,C0ACA0,日間自然光線,29.3,0.8,0.8,0.00,交岔路,行車管制號誌(附設行人專用號誌),機車,女,中年,NP0056,路口多功能違規科技執法
28,14,新北市,3,25.01842327,121.4709518,C0AD40,日間自然光線,29.5,0.6,0.79,0.00,交岔路,行車管制號誌(附設行人專用號誌),機車,女,中年,NP0188,固定式交通違規照相路段
29,14,新北市,2,25.06147275,121.4867342,C0AI30,日間自然光線,31.1,1.4,0.59,0.00,單路部分,無號誌,機車,女,中年,NP0052,路口多功能違規科技執法
30,14,新北市,3,25.08219591,121.4402784,C0AI00,日間自然光線,27.6,3.5,0.86,0.00,交岔路,行車管制號誌,機車,女,中年,,
31,14,新北市,1,25.01571245,121.4736921,C0AD40,日間自然光線,29.5,0.6,0.79,0.00,交岔路,行車管制號誌,機車,女,中年,,
32,14,新北市,1,25.02248287,121.4681623,C0AD40,日間自然光線,29.5,0.6,0.79,0.00,交岔路,無號誌,機車,女,中年,NP0044,路口多功能違規科技執法
33,14,新北市,1,25.0611073,121.4929204,C0AI30,日間自然光線,31.1,1.4,0.59,0.00,交岔路,行車管制號誌,機車,女,中年,NP0814,移動式測速設備執法地點
34,14,新北市,2,25.04740904,121.4750063,C0AI30,日間自然光線,31.1,1.4,0.59,0.00,交岔路,行車管制號誌(附設行人專用號誌),機車,女,中年,NP0776,移動式測速設備執法地點
35,14,新北市,1,25.08172062,121.4759997,C0AD30,日間自然光線,31.7,2.2,0.59,0.00,交岔路,行車管制號誌(附設行人專用號誌),機車,女,中年,,
36,14,新北市,2,25.06861458,121.4666482,C0AD30,日間自然光線,31.7,2.2,0.59,0.00,交岔路,行車管制號誌(附設行人專用號誌),機車,女,中年,,
37,14,新北市,2,25.00338382,121.5228644,C0AH10,日間自然光線,30.2,0.8,0.74,0.00,交岔路,行車管制號誌,機車,女,中年,,
38,14,新北市,1,25.01263517,121.4600529,C0AD40,日間自然光線,29.5,0.6,0.79,0.00,交岔路,行車管制號誌(附設行人專用號誌),機車,女,中年,NP0017,違規停車科技執法
39,14,新北市,1,25.06230393,121.4978686,C0AI30,日間自然光線,31.1,1.4,0.59,0.00,交岔路,行車管制號誌(附設行人專用號誌),機車,女,中年,,
40,14,新北市,1,24.99364352,121.4808344,C0AG80,日間自然光線,29.7,1.0,0.78,0.00,交岔路,行車管制號誌,機車,女,中年,NP0717,移動式測速設備執法地點
41,14,臺北市,3,25.12293204,121.471426,C0A980,日間自然光線,30.6,1.3,0.73,0.00,交岔路,行車管制號誌(附設行人專用號誌),機車,女,中年,TP0177,路口多功能違規科技執法
42,14,臺北市,2,25.0479383,121.5208101,C0AI30,日間自然光線,31.1,1.4,0.59,0.00,交岔路,行車管制號誌,機車,女,中年,TP0167,路口多功能違規科技執法
43,14,臺北市,5,25.03872715,121.517952,C0AI30,日間自然光線,31.1,1.4,0.59,0.00,圓環廣場,行車管制號誌,機車,女,中年,TP0691,移動式測速設備執法地點
44,14,臺北市,2,25.0500407,121.5105103,C0AI30,日間自然光線,31.1,1.4,0.59,0.00,交岔路,行車管制號誌(附設行人專用號誌),機車,女,中年,TP0489,移動式測速設備執法地點
45,14,臺北市,4,25.06283415,121.5182188,C0AI30,日間自然光線,31.1,1.4,0.59,0.00,交岔路,行車管制號誌(附設行人專用號誌),機車,女,中年,TP0162,路口多功能違規科技執法
46,14,臺北市,5,25.10165814,121.51244,C0A770,日間自然光線,31.4,1.6,0.57,0.00,交岔路,行車管制號誌(附設行人專用號誌),機車,女,中年,TP0178,路口多功能違規科技執法
47,14,臺北市,2,25.06844932,121.5228428,C0AI30,日間自然光線,31.1,1.4,0.59,0.00,交岔路,行車管制號誌,機車,女,中年,,
48,14,臺北市,2,25.03302963,121.5596135,C0AC70,日間自然光線,30.6,0.1,0.58,0.00,交岔路,行車管制號誌(附設行人專用號誌),機車,女,中年,TP0683,移動式測速設備執法地點
49,14,臺北市,6,25.0630717,121.5112156,C0AI30,日間自然光線,31.1,1.4,0.59,0.00,交岔路,行車管制號誌(附設行人專用號誌),機車,女,中年,TP0163,路口多功能違規科技執法
50,14,臺北市,1,25.03274945,121.5683183,C0AC70,日間自然光線,30.6,0.1,0.58,0.00,交岔路,行車管制號誌(附設行人專用號誌),機車,女,中年,TP0413,移動式測速設備執法地點
51,14,臺北市,1,25.06247674,121.5372629,C0AH70,日間自然光線,31.0,1.3,0.52,0.00,交岔路,行車管制號誌(附設行人專用號誌),機車,女,中年,TP0166,路口多功能違規科技執法
52,14,臺北市,1,25.02571421,121.5163042,C0AI30,日間自然光線,31.1,1.4,0.59,0.00,交岔路,行車管制號誌,機車,女,中年,TP0505,移動式測速設備執法地點
53,14,臺北市,1,25.06288338,121.522695,C0AI30,日間自然光線,31.1,1.4,0.59,0.00,交岔路,行車管制號誌,機車,女,中年,,
54,14,臺北市,1,25.02427182,121.5523709,C0AC70,日間自然光線,30.6,0.1,0.58,0.00,交岔路,行車管制號誌(附設行人專用號誌),機車,女,中年,TP0170,路口多功能違規科技執法
55,14,臺北市,1,24.9877986,121.5523421,C0AC80,日間自然光線,29.6,0.0,0.69,0.00,交岔路,行車管制號誌,機車,女,中年,TP0180,路口多功能違規科技執法
56,14,臺北市,2,25.06292449,121.5147413,C0AI30,日間自然光線,31.1,1.4,0.59,0.00,交岔路,行車管制號誌(附設行人專用號誌),機車,女,中年,TP0164,路口多功能違規科技執法
57,14,臺北市,6,25.05068561,121.5082313,C0AI30,日間自然光線,31.1,1.4,0.59,0.00,交岔路,行車管制號誌(附設行人專用號誌),機車,女,中年,TP0160,路口多功能違規科技執法
58,14,臺北市,1,25.0193343,121.546654,C0AC70,日間自然光線,30.6,0.1,0.58,0.00,交岔路,行車管制號誌(附設行人專用號誌),機車,女,中年,TP0172,路口多功能違規科技執法
59,14,臺北市,1,25.08412944,121.5493467,C0A9F0,日間自然光線,31.4,1.5,0.55,0.00,交岔路,行車管制號誌,機車,女,中年,TP0681,移動式測速設備執法地點
60,14,臺北市,1,25.12276663,121.4713944,C0A980,日間自然光線,30.6,1.3,0.73,0.00,交岔路,行車管制號誌(附設行人專用號誌),機車,女,中年,TP0177,路口多功能違規科技執法
61,14,臺北市,2,25.09606487,121.5139209,C0A770,日間自然光線,31.4,1.6,0.57,0.00,交岔路,行車管制號誌,機車,女,中年,,
62,14,臺北市,1,25.08630127,121.550197,C0A9F0,日間自然光線,31.4,1.5,0.55,0.00,圓環廣場,無號誌,機車,女,中年,TP0165,路口多功能違規科技執法
63,14,臺北市,1,25.03839324,121.501757,C0AI30,日間自然光線,31.1,1.4,0.59,0.00,交岔路,行車管制號誌(附設行人專用號誌),機車,女,中年,,
64,14,臺北市,2,25.04790704,121.5242038,C0AI30,日間自然光線,31.1,1.4,0.59,0.00,交岔路,行車管制號誌,機車,女,中年,TP0607,移動式測速設備執法地點
65,14,臺北市,1,25.04473921,121.5369363,C0AH70,日間自然光線,31.0,1.3,0.52,0.00,交岔路,行車管制號誌,機車,女,中年,TP0168,路口多功能違規科技執法
66,14,臺北市,1,25.01091914,121.5372775,C0AH10,日間自然光線,30.2,0.8,0.74,0.00,圓環廣場,行車管制號誌,機車,女,中年,TP0407,移動式測速設備執法地點
67,14,臺北市,1,25.07994637,121.5471085,C0A9F0,日間自然光線,31.4,1.5,0.55,0.00,交岔路,行車管制號誌,機車,女,中年,TP0365,移動式測速設備執法地點
68,14,臺北市,1,25.02554986,121.5374335,C0AI30,日間自然光線,31.1,1.4,0.59,0.00,交岔路,行車管制號誌,機車,女,中年,TP0227,移動式測速設備執法地點
69,14,臺北市,1,25.08656881,121.5093472,C0A770,日間自然光線,31.4,1.6,0.57,0.00,交岔路,無號誌,機車,女,中年,TP0176,路口多功能違規科技執法
70,14,臺北市,1,25.03666442,121.5080003,C0AI30,日間自然光線,31.1,1.4,0.59,0.00,交岔路,行車管制號誌,機車,女,中年,TP0421,移動式測速設備執法地點
71,14,桃園市,5,24.95698158,121.2592043,C0C700,日間自然光線,27.1,1.8,0.85,0.00,交岔路,行車管制號誌,機車,女,中年,,
72,14,桃園市,4,24.95151117,121.24044,C0C700,日間自然光線,27.1,1.8,0.85,0.00,交岔路,行車管制號誌(附設行人專用號誌),機車,女,中年,TY0192,路口多功能違規科技執法
73,14,桃園市,2,25.00221511,121.2867732,C0C480,日間自然光線,27.7,0.0,0.82,0.00,交岔路,行車管制號誌,機車,女,中年,TY0181,路口多功能違規科技執法
74,14,桃園市,3,24.95706061,121.2482547,C0C700,日間自然光線,27.1,1.8,0.85,0.00,交岔路,行車管制號誌(附設行人專用號誌),機車,女,中年,TY0191,路口多功能違規科技執法
75,14,桃園市,1,24.95772029,121.249125,C0C700,日間自然光線,27.1,1.8,0.85,0.00,交岔路,行車管制號誌(附設行人專用號誌),機車,女,中年,TY0190,路口多功能違規科技執法
76,14,桃園市,3,24.87719056,121.2427308,C0C670,日間自然光線,26.6,1.6,0.82,0.00,交岔路,行車管制號誌,機車,女,中年,,
77,14,桃園市,1,25.00695214,121.29251,C0C480,日間自然光線,27.7,0.0,0.82,0.00,交岔路,行車管制號誌(附設行人專用號誌),機車,女,中年,TY0004,固定式交通違規照相路段
78,14,桃園市,1,24.96419548,121.3003825,C0C480,日間自然光線,27.7,0.0,0.82,0.00,交岔路,行車管制號誌,機車,女,中年,TY0450,路口多功能違規科技執法
79,14,桃園市,1,25.0150405,121.3064359,C0C480,日間自然光線,27.7,0.0,0.82,0.00,交岔路,行車管制號誌(附設行人專用號誌),機車,女,中年,TY0424,路口多功能違規科技執法
80,14,桃園市,2,24.92360405,121.2956959,C0C490,日間自然光線,27.1,1.3,0.82,0.00,交岔路,行車管制號誌,機車,女,中年,,
81,14,桃園市,1,25.00558518,121.2904657,C0C480,日間自然光線,27.7,0.0,0.82,0.00,交岔路,行車管制號誌,機車,女,中年,TY0005,固定式交通違規照相路段
82,14,桃園市,2,24.98834146,121.3069781,C0C480,日間自然光線,27.7,0.0,0.82,0.00,交岔路,無號誌,機車,女,中年,TY0179,路口多功能違規科技執法
83,14,桃園市,1,24.95078721,121.2182635,C0C700,日間自然光線,27.1,1.8,0.85,0.00,交岔路,行車管制號誌,機車,女,中年,TY0034,固定式交通違規照相路段
84,14,桃園市,2,24.95914435,121.2245314,C0C700,日間自然光線,27.1,1.8,0.85,0.00,交岔路,行車管制號誌(附設行人專用號誌),機車,女,中年,TY0201,路口多功能違規科技執法
85,14,桃園市,2,24.96704624,121.2444182,C0C700,日間自然光線,27.1,1.8,0.85,0.00,交岔路,行車管制號誌,機車,女,中年,TY0134,路口多功能違規科技執法
86,14,桃園市,1,24.93298897,121.2147537,C0C650,日間自然光線,26.9,1.0,0.82,0.00,交岔路,行車管制號誌,機車,女,中年,,
87,14,桃園市,2,24.9623927,121.2229883,C0C700,日間自然光線,27.1,1.8,0.85,0.00,交岔路,行車管制號誌(附設行人專用號誌),機車,女,中年,,
88,14,桃園市,1,24.98375794,121.1886834,C0C590,日間自然光線,27.1,0.8,0.87,0.00,交岔路,行車管制號誌,機車,女,中年,TY0197,路口多功能違規科技執法
89,14,桃園市,1,24.98609587,121.2384716,C0C700,日間自然光線,27.1,1.8,0.85,0.00,交岔路,無號誌,機車,女,中年,TY0202,路口多功能違規科技執法
90,14,桃園市,2,24.99886697,121.3084342,C0C480,日間自然光線,27.7,0.0,0.82,0.00,交岔路,行車管制號誌(附設行人專用號誌),機車,女,中年,,
91,14,桃園市,1,24.98703866,121.2221987,C0C700,日間自然光線,27.1,1.8,0.85,0.00,交岔路,行車管制號誌,機車,女,中年,TY0014,固定式交通違規照相路段
92,14,桃園市,2,24.9555837,121.2355003,C0C700,日間自然光線,27.1,1.8,0.85,0.00,交岔路,行車管制號誌,機車,女,中年,,
93,14,桃園市,1,24.9576228,121.2992226,C0C490,日間自然光線,27.1,1.3,0.82,0.00,交岔路,行車管制號誌,機車,女,中年,TY0241,路口多功能違規科技執法
94,14,桃園市,1,24.94312817,121.2226697,C0C650,日間自然光線,26.9,1.0,0.82,0.00,交岔路,無號誌,機車,女,中年,TY0036,固定式交通違規照相路段
95,14,桃園市,1,24.89161645,121.2123703,C0C650,日間自然光線,26.9,1.0,0.82,0.00,交岔路,行車管制號誌,機車,女,中年,TY0029,固定式交通違規照相路段
96,14,桃園市,1,24.95296686,121.2214273,C0C700,日間自然光線,27.1,1.8,0.85,0.00,交岔路,行車管制號誌,機車,女,中年,,
97,14,桃園市,1,25.05478026,121.2227482,C0C620,日間自然光線,27.7,1.6,0.83,0.00,交岔路,行車管制號誌,機車,女,中年,,
98,14,桃園市,1,24.98835073,121.3070597,C0C480,日間自然光線,27.7,0.0,0.82,0.00,交岔路,無號誌,機車,女,中年,TY0179,路口多功能違規科技執法
99,14,桃園市,1,24.91179999,121.2378337,C0C650,日間自然光線,26.9,1.0,0.82,0.00,單路部分,無號誌,機車,女,中年,,
100,14,桃園市,1,25.00195147,121.363721,C0C680,日間自然光線,26.2,3.0,0.85,0.00,交岔路,行車管制號誌,機車,女,中年,,
101,14,桃園市,1,24.97377152,121.1984211,C0C700,日間自然光線,27.1,1.8,0.85,0.00,交岔路,行車管制號誌,機車,女,中年,TY0282,移動式測速設備執法地點
102,14,桃園市,2,24.9820529,121.3076385,C0C480,日間自然光線,27.7,0.0,0.82,0.00,交岔路,行車管制號誌(附設行人專用號誌),機車,女,中年,TY0180,路口多功能違規科技執法
103,14,桃園市,1,25.0007816,121.314119,C0C480,日間自然光線,27.7,0.0,0.82,0.00,交岔路,行車管制號誌(附設行人專用號誌),機車,女,中年,TY0278,移動式測速設備執法地點
104,14,桃園市,1,24.9784728,121.3038721,C0C480,日間自然光線,27.7,0.0,0.82,0.00,交岔路,行車管制號誌,機車,女,中年,,
105,14,桃園市,1,24.99106653,121.3149981,C0C480,日間自然光線,27.7,0.0,0.82,0.00,交岔路,行車管制號誌(附設行人專用號誌),機車,女,中年,TY0183,路口多功能違規科技執法
106,14,桃園市,1,24.94807598,121.2351215,C0C700,日間自然光線,27.1,1.8,0.85,0.00,交岔路,行車管制號誌(附設行人專用號誌),機車,女,中年,TY0297,移動式測速設備執法地點
107,14,桃園市,1,24.94825838,121.2838075,C0C490,日間自然光線,27.1,1.3,0.82,0.00,交岔路,行車管制號誌,機車,女,中年,TY0248,路口多功能違規科技執法
108,14,桃園市,1,24.99059056,121.3154407,C0C480,日間自然光線,27.7,0.0,0.82,0.00,交岔路,無號誌,機車,女,中年,TY0183,路口多功能違規科技執法
109,14,桃園市,1,24.92916061,121.2844732,C0C490,日間自然光線,27.1,1.3,0.82,0.00,交岔路,行車管制號誌,機車,女,中年,TY0249,路口多功能違規科技執法
110,14,桃園市,1,24.95681572,121.2931384,C0C490,日間自然光線,27.1,1.3,0.82,0.00,交岔路,閃光號誌,機車,女,中年,,
111,14,臺南市,6,23.02342045,120.2158873,C0X100,日間自然光線,25.5,5.7,0.96,9.50,交岔路,行車管制號誌,機車,女,中年,TN0112,路口多功能違規科技執法
112,14,臺南市,1,22.99822518,120.1978346,C0X100,日間自然光線,25.5,5.7,0.96,9.50,交岔路,行車管制號誌,機車,女,中年,TN0067,固定式交通違規照相路段
113,14,臺南市,1,23.01634623,120.2107084,C0X100,日間自然光線,25.5,5.7,0.96,9.50,交岔路,行車管制號誌(附設行人專用號誌),機車,女,中年,,
114,14,臺南市,1,23.01351615,120.2120501,C0X100,日間自然光線,25.5,5.7,0.96,9.50,交岔路,行車管制號誌,機車,女,中年,TN0087,固定式交通違規照相路段
115,14,臺南市,1,22.98335086,120.219977,C0X100,日間自然光線,25.5,5.7,0.96,9.50,交岔路,行車管制號誌,機車,女,中年,,
116,14,臺南市,1,22.95906327,120.1839496,C0X110,日間自然光線,25.8,4.8,0.96,9.50,交岔路,行車管制號誌,機車,女,中年,TN0099,固定式交通違規照相路段
117,14,臺南市,1,22.99883485,120.2113845,C0X100,日間自然光線,25.5,5.7,0.96,9.50,交岔路,閃光號誌,機車,女,中年,TN0068,固定式交通違規照相路段
118,14,臺南市,1,23.01546303,120.210099,C0X100,日間自然光線,25.5,5.7,0.96,9.50,交岔路,行車管制號誌,機車,女,中年,TN0087,固定式交通違規照相路段
119,14,臺南市,1,22.98135191,120.2036925,C0X100,日間自然光線,25.5,5.7,0.96,9.50,交岔路,行車管制號誌,機車,女,中年,TN0124,路口多功能違規科技執法
120,14,臺南市,1,23.01068506,120.2107746,C0X100,日間自然光線,25.5,5.7,0.96,9.50,交岔路,行車管制號誌,機車,女,中年,,
121,14,臺南市,2,22.99239758,120.2178328,C0X100,日間自然光線,25.5,5.7,0.96,9.50,交岔路,行車管制號誌,機車,女,中年,,
122,14,臺南市,2,23.02365925,120.2182978,C0X100,日間自然光線,25.5,5.7,0.96,9.50,交岔路,行車管制號誌,機車,女,中年,TN0110,路口多功能違規科技執法
123,14,臺南市,1,22.97523851,120.203915,C0X100,日間自然光線,25.5,5.7,0.96,9.50,交岔路,行車管制號誌,機車,女,中年,,
124,14,臺南市,4,23.02288865,120.2193551,C0X100,日間自然光線,25.5,5.7,0.96,9.50,交岔路,閃光號誌,機車,女,中年,TN0110,路口多功能違規科技執法
125,14,臺南市,1,23.01477223,120.2130956,C0X100,日間自然光線,25.5,5.7,0.96,9.50,交岔路,行車管制號誌(附設行人專用號誌),機車,女,中年,TN0087,固定式交通違規照相路段
126,14,臺南市,2,23.011652,120.2005492,C0X100,日間自然光線,25.5,5.7,0.96,9.50,交岔路,行車管制號誌(附設行人專用號誌),機車,女,中年,TN0129,路口多功能違規科技執法
127,14,臺南市,1,22.99043876,120.1977903,C0X100,日間自然光線,25.5,5.7,0.96,9.50,交岔路,行車管制號誌,機車,女,中年,TN0114,路口多功能違規科技執法
128,14,臺南市,1,22.99482149,120.2084503,C0X100,日間自然光線,25.5,5.7,0.96,9.50,交岔路,行車管制號誌,機車,女,中年,TN0109,路口多功能違規科技執法
129,14,臺南市,1,23.02026253,120.1993281,C0X100,日間自然光線,25.5,5.7,0.96,9.50,交岔路,行車管制號誌,機車,女,中年,TN0086,固定式交通違規照相路段
130,14,臺南市,1,23.00764556,120.2207792,C0X100,日間自然光線,25.5,5.7,0.96,9.50,交岔路,行車管制號誌,機車,女,中年,TN0126,路口多功能違規科技執法
131,14,臺南市,1,22.98212557,120.2159037,C0X100,日間自然光線,25.5,5.7,0.96,9.50,交岔路,行車管制號誌,機車,女,中年,,
132,14,臺南市,1,23.03624653,120.21365,C0X100,日間自然光線,25.5,5.7,0.96,9.50,交岔路,行車管制號誌,機車,女,中年,,
133,14,臺南市,1,23.01809586,120.1931932,C0X100,日間自然光線,25.5,5.7,0.96,9.50,交岔路,行車管制號誌,機車,女,中年,TN0116,路口多功能違規科技執法
134,14,臺南市,1,22.9433498,120.2498509,C0X160,日間自然光線,-99,-99,-99,11.00,交岔路,行車管制號誌,機車,女,中年,,
135,14,臺南市,1,23.0097812,120.1938852,C0X100,日間自然光線,25.5,5.7,0.96,9.50,交岔路,行車管制號誌(附設行人專用號誌),機車,女,中年,,
136,14,臺南市,3,22.99629403,120.218151,C0X100,日間自然光線,25.5,5.7,0.96,9.50,交岔路,行車管制號誌,機車,女,中年,,
137,14,臺南市,3,23.02351709,120.2181863,C0X100,日間自然光線,25.5,5.7,0.96,9.50,交岔路,行車管制號誌,機車,女,中年,TN0110,路口多功能違規科技執法
138,14,臺南市,3,22.99440539,120.2131461,C0X100,日間自然光線,25.5,5.7,0.96,9.50,交岔路,行車管制號誌,機車,女,中年,TN0130,違規停車科技執法
139,14,臺南市,1,23.00100192,120.2087308,C0X100,日間自然光線,25.5,5.7,0.96,9.50,交岔路,行車管制號誌(附設行人專用號誌),機車,女,中年,TN0127,路口多功能違規科技執法
140,14,臺南市,2,23.01348512,120.2308357,C0X100,日間自然光線,25.5,5.7,0.96,9.50,交岔路,行車管制號誌,機車,女,中年,TN0107,路口多功能違規科技執法
141,14,臺南市,1,23.01901006,120.2412296,C0X100,日間自然光線,25.5,5.7,0.96,9.50,交岔路,行車管制號誌,機車,女,中年,,
142,14,臺南市,1,22.99082643,120.1979629,C0X100,日間自然光線,25.5,5.7,0.96,9.50,交岔路,無號誌,機車,女,中年,TN0114,路口多功能違規科技執法
143,14,臺南市,3,23.00404291,120.2135892,C0X100,日間自然光線,25.5,5.7,0.96,9.50,交岔路,行車管制號誌(附設行人專用號誌),機車,女,中年,TN0090,固定式交通違規照相路段
144,14,臺南市,1,22.99868332,120.2506221,C0X160,日間自然光線,-99,-99,-99,11.00,交岔路,行車管制號誌,機車,女,中年,TN0058,固定式交通違規照相路段
145,14,臺南市,1,22.9927831,120.2341071,C0X100,日間自然光線,25.5,5.7,0.96,9.50,交岔路,行車管制號誌,機車,女,中年,TN0062,固定式交通違規照相路段
146,14,臺南市,2,22.9811593,120.2295135,C0X100,日間自然光線,25.5,5.7,0.96,9.50,交岔路,行車管制號誌,機車,女,中年,TN0066,固定式交通違規照相路段
147,14,臺南市,1,22.99849545,120.2347801,C0X100,日間自然光線,25.5,5.7,0.96,9.50,交岔路,行車管制號誌,機車,女,中年,,
148,14,臺南市,1,22.99110527,120.2245352,C0X100,日間自然光線,25.5,5.7,0.96,9.50,交岔路,行車管制號誌,機車,女,中年,TN0123,路口多功能違規科技執法
149,14,臺南市,1,22.98329387,120.2264819,C0X100,日間自然光線,25.5,5.7,0.96,9.50,交岔路,行車管制號誌,機車,女,中年,,
150,14,高雄市,5,22.5957565,120.3163398,C0V890,日間自然光線,25.3,6.3,0.97,31.50,交岔路,行車管制號誌,機車,女,中年,KH0293,固定式交通違規照相路段
151,14,高雄市,1,22.6447234,120.314352,C0V700,日間自然光線,25.2,3.2,0.93,14.00,交岔路,行車管制號誌,機車,女,中年,KH0150,固定式交通違規照相路段
152,14,高雄市,3,22.62469049,120.3423084,C0V710,日間自然光線,25.6,3.9,0.96,17.50,交岔路,行車管制號誌,機車,女,中年,KH0332,固定式交通違規照相路段
153,14,高雄市,2,22.58043524,120.3290718,C0V890,日間自然光線,25.3,6.3,0.97,31.50,交岔路,行車管制號誌,機車,女,中年,KH0123,路口多功能違規科技執法
154,14,高雄市,2,22.62756163,120.3015267,C0V490,日間自然光線,25.6,3.1,0.96,14.00,交岔路,行車管制號誌,機車,女,中年,,
155,14,高雄市,3,22.63921716,120.3279612,C0V700,日間自然光線,25.2,3.2,0.93,14.00,交岔路,行車管制號誌,機車,女,中年,,
156,14,高雄市,3,22.59276923,120.3187741,C0V890,日間自然光線,25.3,6.3,0.97,31.50,交岔路,行車管制號誌,機車,女,中年,KH0139,路口多功能違規科技執法
157,14,高雄市,2,22.63152541,120.3019156,C0V490,日間自然光線,25.6,3.1,0.96,14.00,交岔路,行車管制號誌,機車,女,中年,,
158,14,高雄市,2,22.62914647,120.3016729,C0V490,日間自然光線,25.6,3.1,0.96,14.00,交岔路,行車管制號誌,機車,女,中年,,
159,14,高雄市,1,22.76700009,120.3059397,C0V760,日間自然光線,25.4,4.1,0.93,19.00,交岔路,行車管制號誌,機車,女,中年,KH0403,固定式交通違規照相路段
160,14,高雄市,2,22.67875541,120.318924,C0V810,日間自然光線,-99,7.9,-99,11.50,交岔路,行車管制號誌,機車,女,中年,KH0253,固定式交通違規照相路段
161,14,高雄市,2,22.67860617,120.297491,C0V810,日間自然光線,-99,7.9,-99,11.50,交岔路,行車管制號誌,機車,女,中年,KH0258,固定式交通違規照相路段
162,14,高雄市,1,22.65200099,120.3036462,C0V700,日間自然光線,25.2,3.2,0.93,14.00,交岔路,行車管制號誌,機車,女,中年,,
163,14,高雄市,3,22.64045211,120.3141504,C0V700,日間自然光線,25.2,3.2,0.93,14.00,交岔路,行車管制號誌,機車,女,中年,KH0171,固定式交通違規照相路段
164,14,高雄市,1,22.64985422,120.3242213,C0V700,日間自然光線,25.2,3.2,0.93,14.00,交岔路,行車管制號誌,機車,女,中年,KH0004,移動式測速設備執法地點
165,14,高雄市,1,22.70668242,120.3246067,C0V680,日間自然光線,24.8,6.5,0.98,28.50,交岔路,行車管制號誌,機車,女,中年,,
166,14,高雄市,2,22.63461795,120.3021771,C0V490,日間自然光線,25.6,3.1,0.96,14.00,交岔路,行車管制號誌,機車,女,中年,KH0343,固定式交通違規照相路段
167,14,高雄市,1,22.6162643,120.3535275,C0V710,日間自然光線,25.6,3.9,0.96,17.50,交岔路,行車管制號誌,機車,女,中年,KH0382,固定式交通違規照相路段
168,14,高雄市,1,22.78926807,120.299371,C0V660,日間自然光線,-99,-99,-99,16.00,交岔路,行車管制號誌,機車,女,中年,,
169,14,高雄市,1,22.69539326,120.3222281,C0V680,日間自然光線,24.8,6.5,0.98,28.50,交岔路,行車管制號誌,機車,女,中年,KH0033,移動式測速設備執法地點
170,14,高雄市,2,22.62977913,120.3233996,C0V710,日間自然光線,25.6,3.9,0.96,17.50,交岔路,行車管制號誌,機車,女,中年,KH0131,路口多功能違規科技執法
171,14,高雄市,2,22.70141594,120.3233099,C0V680,日間自然光線,24.8,6.5,0.98,28.50,交岔路,行車管制號誌,機車,女,中年,KH0106,路口多功能違規科技執法
172,14,高雄市,2,22.62817092,120.3444665,C0V710,日間自然光線,25.6,3.9,0.96,17.50,交岔路,行車管制號誌,機車,女,中年,,
173,14,高雄市,1,22.68013807,120.3403296,C0V680,日間自然光線,24.8,6.5,0.98,28.50,交岔路,行車管制號誌,機車,女,中年,KH0227,固定式交通違規照相路段
174,14,高雄市,1,22.65977899,120.3157216,C0V700,日間自然光線,25.2,3.2,0.93,14.00,交岔路,行車管制號誌,機車,女,中年,KH0172,固定式交通違規照相路段
175,14,高雄市,1,22.62551863,120.3618961,C0V440,日間自然光線,24.1,4.2,1,19.50,交岔路,行車管制號誌,機車,女,中年,,
176,14,高雄市,2,22.62232201,120.2986288,C0V490,日間自然光線,25.6,3.1,0.96,14.00,交岔路,行車管制號誌,機車,女,中年,KH0102,路口多功能違規科技執法
177,14,高雄市,1,22.63756216,120.3505785,C0V440,日間自然光線,24.1,4.2,1,19.50,交岔路,行車管制號誌,機車,女,中年,KH0383,固定式交通違規照相路段
178,14,高雄市,1,22.58849,120.3222105,C0V890,日間自然光線,25.3,6.3,0.97,31.50,交岔路,行車管制號誌,機車,女,中年,,
179,14,高雄市,1,22.63632385,120.3572236,C0V440,日間自然光線,24.1,4.2,1,19.50,交岔路,行車管制號誌,機車,女,中年,,
180,14,高雄市,1,22.63014071,120.321559,C0V710,日間自然光線,25.6,3.9,0.96,17.50,交岔路,行車管制號誌,機車,女,中年,KH0325,固定式交通違規照相路段
181,14,高雄市,1,22.5779636,120.3714458,C0V730,日間自然光線,24.6,2.0,1,0.0,交岔路,行車管制號誌,,,,KH0116,偵測未依車道或標線行駛
182,14,高雄市,1,22.61613862,120.3010877,C0V490,日間自然光線,25.6,3.1,0.96,14.00,交岔路,行車管制號誌,機車,女,中年,KH0337,固定式交通違規照相路段
183,14,高雄市,1,22.79457908,120.2970684,C0V660,日間自然光線,-99,-99,-99,16.00,交岔路,無號誌,機車,女,中年,KH0271,固定式交通違規照相路段
184,14,高雄市,1,22.62607722,120.2971607,C0V490,日間自然光線,25.6,3.1,0.96,14.00,交岔路,行車管制號誌,機車,女,中年,KH0282,固定式交通違規照相路段
185,14,高雄市,1,22.71486598,120.3256877,C0V760,日間自然光線,25.4,4.1,0.93,19.00,交岔路,行車管制號誌,機車,女,中年,KH0358,固定式交通違規照相路段
186,14,高雄市,1,22.6412227,120.3029176,C0V700,日間自然光線,25.2,3.2,0.93,14.00,單路部分,無號誌,機車,女,中年,KH0142,路口多功能違規科技執法
187,14,臺中市,2,24.15506827,120.6861586,C0F9U0,日間自然光線,27.0,2.2,0.88,0.50,交岔路,行車管制號誌,機車,女,中年,TC0633,路口多功能違規科技執法
188,14,臺中市,2,24.14624116,120.6860834,C0F9U0,日間自然光線,27.0,2.2,0.88,0.50,交岔路,行車管制號誌,機車,女,中年,TC0214,固定式交通違規照相路段
189,14,臺中市,1,24.15530646,120.69441,C0F9U0,日間自然光線,27.0,2.2,0.88,0.50,交岔路,行車管制號誌,機車,女,中年,TC0248,固定式交通違規照相路段
190,14,臺中市,1,24.18511987,120.6445968,C0F9T0,日間自然光線,26.7,1.6,0.88,0.00,交岔路,行車管制號誌,機車,女,中年,,
191,14,臺中市,1,24.13204558,120.6687495,C0F9U0,日間自然光線,27.0,2.2,0.88,0.50,交岔路,行車管制號誌,機車,女,中年,TC0184,固定式交通違規照相路段
192,14,臺中市,1,24.17390529,120.6712661,C0F9T0,日間自然光線,26.7,1.6,0.88,0.00,交岔路,行車管制號誌,機車,女,中年,TC0641,路口多功能違規科技執法
193,14,臺中市,3,24.17218955,120.6854387,C0F9U0,日間自然光線,27.0,2.2,0.88,0.50,交岔路,行車管制號誌(附設行人專用號誌),機車,女,中年,TC0638,路口多功能違規科技執法
194,14,臺中市,1,24.16900238,120.64697,C0F9T0,日間自然光線,26.7,1.6,0.88,0.00,交岔路,行車管制號誌,機車,女,中年,,
195,14,臺中市,1,24.16796418,120.6483041,C0F9T0,日間自然光線,26.7,1.6,0.88,0.00,交岔路,行車管制號誌,機車,女,中年,,
196,14,臺中市,1,24.13319077,120.6940052,C0F9U0,日間自然光線,27.0,2.2,0.88,0.50,交岔路,行車管制號誌,機車,女,中年,TC0634,路口多功能違規科技執法
197,14,臺中市,1,24.22310471,120.649737,C0F9T0,日間自然光線,26.7,1.6,0.88,0.00,交岔路,行車管制號誌,機車,女,中年,,
198,14,臺中市,2,24.14464632,120.6817762,C0F9U0,日間自然光線,27.0,2.2,0.88,0.50,交岔路,行車管制號誌,機車,女,中年,TC0211,固定式交通違規照相路段
199,14,臺中市,2,24.23698894,120.7103591,C0F9M0,日間自然光線,27.3,2.7,0.86,0.00,交岔路,行車管制號誌(附設行人專用號誌),機車,女,中年,,
200,14,臺中市,5,24.15503137,120.6862578,C0F9U0,日間自然光線,27.0,2.2,0.88,0.50,交岔路,行車管制號誌,機車,女,中年,TC0633,路口多功能違規科技執法
201,14,臺中市,1,24.23750832,120.569575,C0FA40,日間自然光線,25.4,2.5,0.88,3.50,交岔路,行車管制號誌,機車,女,中年,TC0648,路口多功能違規科技執法
202,14,臺中市,1,24.15727402,120.6597908,C0F9U0,日間自然光線,27.0,2.2,0.88,0.50,交岔路,行車管制號誌,機車,女,中年,TC0003,固定式交通違規照相路段
203,14,臺中市,3,24.17039393,120.6977866,C0F970,日間自然光線,27.8,1.9,0.86,0.00,交岔路,行車管制號誌(附設行人專用號誌),機車,女,中年,TC0640,路口多功能違規科技執法
204,14,臺中市,1,24.1207314,120.6500969,C0F9U0,日間自然光線,27.0,2.2,0.88,0.50,交岔路,行車管制號誌(附設行人專用號誌),機車,女,中年,TC0635,路口多功能違規科技執法
205,14,臺中市,1,24.16283557,120.6496292,C0F9T0,日間自然光線,26.7,1.6,0.88,0.00,交岔路,行車管制號誌,機車,女,中年,TC0642,路口多功能違規科技執法
206,14,臺中市,1,24.24116258,120.5607983,C0FA40,日間自然光線,25.4,2.5,0.88,3.50,交岔路,行車管制號誌,機車,女,中年,,
207,14,臺中市,1,24.15380097,120.6834248,C0F9U0,日間自然光線,27.0,2.2,0.88,0.50,交岔路,行車管制號誌,機車,女,中年,TC0633,路口多功能違規科技執法
208,14,臺中市,1,24.20977094,120.5812938,C0F9T0,日間自然光線,26.7,1.6,0.88,0.00,交岔路,行車管制號誌,機車,女,中年,TC0647,路口多功能違規科技執法
209,14,臺中市,1,24.30600486,120.5966959,C0F9P0,日間自然光線,26.6,1.7,0.92,1.00,交岔路,行車管制號誌,機車,女,中年,,
210,14,臺中市,1,24.16491502,120.6941834,C0F9U0,日間自然光線,27.0,2.2,0.88,0.50,交岔路,行車管制號誌,機車,女,中年,TC0305,固定式交通違規照相路段
211,14,臺中市,3,24.13178055,120.676666,C0F9U0,日間自然光線,27.0,2.2,0.88,0.50,交岔路,行車管制號誌,機車,女,中年,,
212,14,臺中市,1,24.15598817,120.6857335,C0F9U0,日間自然光線,27.0,2.2,0.88,0.50,交岔路,行車管制號誌,機車,女,中年,TC0224,固定式交通違規照相路段
213,14,臺中市,1,24.13301825,120.6934882,C0F9U0,日間自然光線,27.0,2.2,0.88,0.50,交岔路,行車管制號誌,機車,女,中年,TC0634,路口多功能違規科技執法
214,14,臺中市,1,24.20351215,120.5672388,C0F9R0,日間自然光線,25.9,3.2,0.9,2.00,交岔路,行車管制號誌,機車,女,中年,,
215,14,臺中市,1,24.17870377,120.6244656,C0F9T0,日間自然光線,26.7,1.6,0.88,0.00,交岔路,行車管制號誌,機車,女,中年,TC0643,路口多功能違規科技執法
216,14,臺中市,1,24.13104862,120.6678083,C0F9U0,日間自然光線,27.0,2.2,0.88,0.50,交岔路,行車管制號誌,機車,女,中年,TC0184,固定式交通違規照相路段
217,14,臺中市,1,24.21575378,120.667634,C0F9O0,日間自然光線,27.7,1.0,0.85,0.00,交岔路,行車管制號誌,機車,女,中年,,
218,14,臺中市,2,24.11010302,120.6899672,C0F9N0,日間自然光線,27.5,1.6,0.9,0.50,交岔路,行車管制號誌,機車,女,中年,,
219,14,臺中市,1,24.18283169,120.6027263,C0F9T0,日間自然光線,26.7,1.6,0.88,0.00,交岔路,行車管制號誌(附設行人專用號誌),機車,女,中年,TC0057,固定式交通違規照相路段
220,14,臺中市,1,24.15080967,120.6529963,C0F9U0,日間自然光線,27.0,2.2,0.88,0.50,交岔路,行車管制號誌,機車,女,中年,,
221,14,臺中市,1,24.1400527,120.6208459,C0F9U0,日間自然光線,27.0,2.2,0.88,0.50,交岔路,行車管制號誌,機車,女,中年,TC0637,路口多功能違規科技執法
222,14,臺中市,1,24.16460151,120.6464384,C0F9T0,日間自然光線,26.7,1.6,0.88,0.00,交岔路,行車管制號誌,機車,女,中年,TC0627,違規停車科技執法
223,14,臺中市,1,24.12861736,120.6689752,C0F9U0,日間自然光線,27.0,2.2,0.88,0.50,交岔路,行車管制號誌,機車,女,中年,TC0184,固定式交通違規照相路段
224,14,臺中市,1,24.14675699,120.6616816,C0F9U0,日間自然光線,27.0,2.2,0.88,0.50,交岔路,行車管制號誌,機車,女,中年,,
225,14,臺中市,1,24.18598902,120.5856246,C0F9R0,日間自然光線,25.9,3.2,0.9,2.00,交岔路,行車管制號誌(附設行人專用號誌),機車,女,中年,,
226,14,臺中市,1,24.13882852,120.6693903,C0F9U0,日間自然光線,27.0,2.2,0.88,0.50,交岔路,行車管制號誌,機車,女,中年,TC0192,固定式交通違規照相路段
227,14,臺中市,1,24.12059588,120.6500047,C0F9U0,日間自然光線,27.0,2.2,0.88,0.50,交岔路,行車管制號誌(附設行人專用號誌),機車,女,中年,TC0635,路口多功能違規科技執法
