WHOLE_TIME,CITY,TIMES,LATITUDE,LONGITUDE,STATION_ID,LIGHT,Temperature,WS,RH,Precp,ROAD_TYPE_SUB1,SIGNAL_TYPE,VEHICLE_MAIN,OBJ_GENDER,OBJ_AGE,CAMERA_ID,EQUIP_TYPE
,新北市,3,25.074364,121.5027884,C0AI30,夜間(或隧道、地下道、涵洞)有照明,,,,,交岔路,行車管制號誌,,,,NP0783,移動式測速設備執法地點
,新北市,1,25.05685241,121.49912,C0AI30,夜間(或隧道、地下道、涵洞)有照明,,,,,交岔路,行車管制號誌,,,,NP0808,移動式測速設備執法地點
,新北市,2,24.9957521,121.4351926,C0AD40,夜間(或隧道、地下道、涵洞)有照明,,,,,交岔路,行車管制號誌,,,,NP0439,移動式測速設備執法地點
,新北市,4,25.06399145,121.5025369,C0AI30,夜間(或隧道、地下道、涵洞)有照明,,,,,交岔路,行車管制號誌,,,,NP0104,固定式交通違規照相路段
,新北市,2,25.02221386,121.4854458,C0AH10,夜間(或隧道、地下道、涵洞)有照明,,,,,交岔路,行車管制號誌,,,,NP0178,固定式交通違規照相路段
,新北市,1,25.01763166,121.5109428,C0AH10,夜間(或隧道、地下道、涵洞)有照明,,,,,交岔路,行車管制號誌(附設行人專用號誌),,,,NP0352,移動式測速設備執法地點
,新北市,1,25.06164913,121.6522281,C0AH00,夜間(或隧道、地下道、涵洞)有照明,,,,,交岔路,行車管制號誌,,,,NP0172,固定式交通違規照相路段
,新北市,1,24.93641477,121.389341,C0AC60,夜間(或隧道、地下道、涵洞)有照明,,,,,交岔路,行車管制號誌(附設行人專用號誌),,,,NP0113,固定式交通違規照相路段
,新北市,1,25.01443495,121.4710998,C0AD40,夜間(或隧道、地下道、涵洞)有照明,,,,,單路部分,無號誌,,,,,
,新北市,1,25.00467692,121.5039398,C0AH10,夜間(或隧道、地下道、涵洞)有照明,,,,,交岔路,行車管制號誌(附設行人專用號誌),,,,,
,新北市,1,25.00911085,121.4995779,C0AH10,夜間(或隧道、地下道、涵洞)有照明,,,,,交岔路,行車管制號誌,,,,,
,新北市,1,25.09126876,121.4571051,C0AD30,夜間(或隧道、地下道、涵洞)有照明,,,,,交岔路,行車管制號誌,,,,NP0325,固定式交通違規照相路段
,新北市,1,25.01883563,121.465242,C0AD40,夜間(或隧道、地下道、涵洞)有照明,,,,,單路部分,無號誌,,,,,
,新北市,1,25.06213013,121.6532192,C0AH00,夜間(或隧道、地下道、涵洞)有照明,,,,,單路部分,行車管制號誌,,,,NP0025,違規停車科技執法
,新北市,1,25.01665215,121.5153603,C0AH10,夜間(或隧道、地下道、涵洞)有照明,,,,,交岔路,無號誌,,,,NP0156,固定式交通違規照相路段
,新北市,1,25.00792995,121.525205,C0AH10,夜間(或隧道、地下道、涵洞)有照明,,,,,交岔路,無號誌,,,,NP0351,移動式測速設備執法地點
,新北市,1,25.0059756,121.459593,C0AD40,夜間(或隧道、地下道、涵洞)有照明,,,,,單路部分,行車管制號誌,,,,,
,新北市,1,25.06398689,121.6516753,C0AH00,夜間(或隧道、地下道、涵洞)有照明,,,,,交岔路,行車管制號誌,,,,NP0172,固定式交通違規照相路段
,新北市,1,25.06146019,121.4868389,C0AI30,夜間(或隧道、地下道、涵洞)有照明,,,,,單路部分,無號誌,,,,NP0052,路口多功能違規科技執法
,新北市,1,25.00941408,121.4632981,C0AD40,夜間(或隧道、地下道、涵洞)有照明,,,,,交岔路,行車管制號誌,,,,NP0910,違規停車科技執法
,新北市,1,25.03477598,121.4540541,C0ACA0,夜間(或隧道、地下道、涵洞)有照明,,,,,單路部分,行車管制號誌,,,,NP0055,路口多功能違規科技執法
,新北市,2,24.98675891,121.540831,C0AG80,夜間(或隧道、地下道、涵洞)有照明,,,,,交岔路,行車管制號誌(附設行人專用號誌),,,,NP0258,固定式交通違規照相路段
,新北市,1,25.07158932,121.4951594,C0AI30,夜間(或隧道、地下道、涵洞)有照明,,,,,交岔路,行車管制號誌(附設行人專用號誌),,,,,
,新北市,1,24.99107121,121.4483407,C0AD40,夜間(或隧道、地下道、涵洞)有照明,,,,,單路部分,無號誌,,,,,
,新北市,1,25.00832823,121.5084176,C0AH10,夜間(或隧道、地下道、涵洞)有照明,,,,,交岔路,行車管制號誌(附設行人專用號誌),,,,NP0048,路口多功能違規科技執法
,新北市,1,25.05569072,121.4938304,C0AI30,夜間(或隧道、地下道、涵洞)有照明,,,,,交岔路,行車管制號誌(附設行人專用號誌),,,,NP0952,違規停車科技執法
,新北市,3,24.99365961,121.498467,C0AG80,夜間(或隧道、地下道、涵洞)有照明,,,,,交岔路,行車管制號誌(附設行人專用號誌),,,,NP0049,路口多功能違規科技執法
,新北市,1,25.03890455,121.4603072,C0ACA0,夜間(或隧道、地下道、涵洞)有照明,,,,,交岔路,行車管制號誌(附設行人專用號誌),,,,NP0056,路口多功能違規科技執法
,新北市,3,25.01842327,121.4709518,C0AD40,夜間(或隧道、地下道、涵洞)有照明,,,,,交岔路,行車管制號誌(附設行人專用號誌),,,,NP0188,固定式交通違規照相路段
,新北市,2,25.06147275,121.4867342,C0AI30,夜間(或隧道、地下道、涵洞)有照明,,,,,單路部分,無號誌,,,,NP0052,路口多功能違規科技執法
,新北市,3,25.08219591,121.4402784,C0AI00,夜間(或隧道、地下道、涵洞)有照明,,,,,交岔路,行車管制號誌,,,,,
,新北市,1,25.01571245,121.4736921,C0AD40,夜間(或隧道、地下道、涵洞)有照明,,,,,交岔路,行車管制號誌,,,,,
,新北市,1,25.02248287,121.4681623,C0AD40,夜間(或隧道、地下道、涵洞)有照明,,,,,交岔路,無號誌,,,,NP0814,移動式測速設備執法地點
,新北市,1,25.0611073,121.4929204,C0AI30,夜間(或隧道、地下道、涵洞)有照明,,,,,交岔路,行車管制號誌,,,,NP0814,移動式測速設備執法地點
,新北市,2,25.04740904,121.4750063,C0AI30,夜間(或隧道、地下道、涵洞)有照明,,,,,交岔路,行車管制號誌(附設行人專用號誌),,,,NP0776,移動式測速設備執法地點
,新北市,1,25.08172062,121.4759997,C0AD30,夜間(或隧道、地下道、涵洞)有照明,,,,,交岔路,行車管制號誌(附設行人專用號誌),,,,,
,新北市,2,25.06861458,121.4666482,C0AD30,夜間(或隧道、地下道、涵洞)有照明,,,,,交岔路,行車管制號誌(附設行人專用號誌),,,,,
,新北市,2,25.00338382,121.5228644,C0AH10,夜間(或隧道、地下道、涵洞)有照明,,,,,交岔路,行車管制號誌,,,,,
,新北市,1,25.01263517,121.4600529,C0AD40,夜間(或隧道、地下道、涵洞)有照明,,,,,交岔路,行車管制號誌,,,,NP0017,違規停車科技執法
,新北市,1,25.06230393,121.4978686,C0AI30,夜間(或隧道、地下道、涵洞)有照明,,,,,交岔路,行車管制號誌(附設行人專用號誌),,,,,
,新北市,1,24.99364352,121.4808344,C0AG80,夜間(或隧道、地下道、涵洞)有照明,,,,,交岔路,行車管制號誌,,,,NP0717,移動式測速設備執法地點
,臺北市,3,25.12293204,121.471426,C0A980,夜間(或隧道、地下道、涵洞)有照明,,,,,交岔路,行車管制號誌(附設行人專用號誌),,,,TP0177,路口多功能違規科技執法
,臺北市,2,25.0479383,121.5208101,C0AI30,夜間(或隧道、地下道、涵洞)有照明,,,,,交岔路,行車管制號誌,,,,TP0167,路口多功能違規科技執法
,臺北市,5,25.03872715,121.517952,C0AI30,夜間(或隧道、地下道、涵洞)有照明,,,,,圓環廣場,行車管制號誌,,,,TP0691,移動式測速設備執法地點
,臺北市,2,25.0500407,121.5105103,C0AI30,夜間(或隧道、地下道、涵洞)有照明,,,,,交岔路,行車管制號誌,,,,TP0489,移動式測速設備執法地點
,臺北市,4,25.06283415,121.5182188,C0AI30,夜間(或隧道、地下道、涵洞)有照明,,,,,交岔路,行車管制號誌(附設行人專用號誌),,,,TP0162,路口多功能違規科技執法
,臺北市,5,25.10165814,121.51244,C0A770,夜間(或隧道、地下道、涵洞)有照明,,,,,交岔路,行車管制號誌(附設行人專用號誌),,,,TP0178,路口多功能違規科技執法
,臺北市,2,25.06844932,121.5228428,C0AI30,夜間(或隧道、地下道、涵洞)有照明,,,,,交岔路,行車管制號誌,,,,,
,臺北市,2,25.03302963,121.5596135,C0AC70,夜間(或隧道、地下道、涵洞)有照明,,,,,交岔路,行車管制號誌(附設行人專用號誌),,,,TP0175,路口多功能違規科技執法
,臺北市,6,25.0630717,121.5112156,C0AI30,夜間(或隧道、地下道、涵洞)有照明,,,,,交岔路,行車管制號誌(附設行人專用號誌),,,,TP0163,路口多功能違規科技執法
,臺北市,1,25.03274945,121.5683183,C0AC70,夜間(或隧道、地下道、涵洞)有照明,,,,,交岔路,行車管制號誌(附設行人專用號誌),,,,TP0413,移動式測速設備執法地點
,臺北市,1,25.06247674,121.5372629,C0AH70,夜間(或隧道、地下道、涵洞)有照明,,,,,交岔路,行車管制號誌(附設行人專用號誌),,,,TP0166,路口多功能違規科技執法
,臺北市,1,25.02571421,121.5163042,C0AI30,夜間(或隧道、地下道、涵洞)有照明,,,,,交岔路,行車管制號誌,,,,TP0058,固定式交通違規照相路段
,臺北市,1,25.06288338,121.522695,C0AI30,夜間(或隧道、地下道、涵洞)有照明,,,,,交岔路,行車管制號誌,,,,,
,臺北市,1,25.02427182,121.5523709,C0AC70,夜間(或隧道、地下道、涵洞)有照明,,,,,交岔路,行車管制號誌(附設行人專用號誌),,,,TP0170,路口多功能違規科技執法
,臺北市,1,24.9877986,121.5523421,C0AC80,夜間(或隧道、地下道、涵洞)有照明,,,,,交岔路,行車管制號誌,,,,TP0180,路口多功能違規科技執法
,臺北市,2,25.06292449,121.5147413,C0AI30,夜間(或隧道、地下道、涵洞)有照明,,,,,交岔路,行車管制號誌(附設行人專用號誌),,,,TP0164,路口多功能違規科技執法
,臺北市,6,25.05068561,121.5082313,C0AI30,夜間(或隧道、地下道、涵洞)有照明,,,,,交岔路,行車管制號誌(附設行人專用號誌),,,,TP0160,路口多功能違規科技執法
,臺北市,1,25.0193343,121.546654,C0AC70,夜間(或隧道、地下道、涵洞)有照明,,,,,交岔路,行車管制號誌(附設行人專用號誌),,,,TP0172,路口多功能違規科技執法
,臺北市,1,25.08412944,121.5493467,C0A9F0,夜間(或隧道、地下道、涵洞)有照明,,,,,交岔路,行車管制號誌,,,,TP0681,移動式測速設備執法地點
,臺北市,1,25.12276663,121.4713944,C0A980,夜間(或隧道、地下道、涵洞)有照明,,,,,交岔路,行車管制號誌(附設行人專用號誌),,,,TP0177,路口多功能違規科技執法
,臺北市,2,25.09606487,121.5139209,C0A770,夜間(或隧道、地下道、涵洞)有照明,,,,,交岔路,行車管制號誌,,,,,
,臺北市,1,25.08630127,121.550197,C0A9F0,夜間(或隧道、地下道、涵洞)有照明,,,,,圓環廣場,無號誌,,,,TP0165,路口多功能違規科技執法
,臺北市,1,25.03839324,121.501757,C0AI30,夜間(或隧道、地下道、涵洞)有照明,,,,,交岔路,行車管制號誌(附設行人專用號誌),,,,,
,臺北市,2,25.04790704,121.5242038,C0AI30,夜間(或隧道、地下道、涵洞)有照明,,,,,交岔路,行車管制號誌,,,,TP0169,路口多功能違規科技執法
,臺北市,1,25.04473921,121.5369363,C0AH70,夜間(或隧道、地下道、涵洞)有照明,,,,,交岔路,行車管制號誌,,,,TP0168,路口多功能違規科技執法
,臺北市,1,25.01091914,121.5372775,C0AH10,夜間(或隧道、地下道、涵洞)有照明,,,,,圓環廣場,行車管制號誌,,,,TP0407,移動式測速設備執法地點
,臺北市,1,25.07994637,121.5471085,C0A9F0,夜間(或隧道、地下道、涵洞)有照明,,,,,交岔路,行車管制號誌,,,,TP0365,移動式測速設備執法地點
,臺北市,1,25.02554986,121.5374335,C0AI30,夜間(或隧道、地下道、涵洞)有照明,,,,,交岔路,行車管制號誌,,,,TP0227,移動式測速設備執法地點
,臺北市,1,25.08656881,121.5093472,C0A770,夜間(或隧道、地下道、涵洞)有照明,,,,,交岔路,行車管制號誌,,,,TP0176,路口多功能違規科技執法
,臺北市,1,25.03666442,121.5080003,C0AI30,夜間(或隧道、地下道、涵洞)有照明,,,,,交岔路,行車管制號誌,,,,TP0421,移動式測速設備執法地點
,桃園市,5,24.95698158,121.2592043,C0C700,夜間(或隧道、地下道、涵洞)有照明,,,,,交岔路,行車管制號誌,,,,,
,桃園市,4,24.95151117,121.24044,C0C700,夜間(或隧道、地下道、涵洞)有照明,,,,,交岔路,行車管制號誌(附設行人專用號誌),,,,TY0192,路口多功能違規科技執法
,桃園市,2,25.00221511,121.2867732,C0C480,夜間(或隧道、地下道、涵洞)有照明,,,,,交岔路,行車管制號誌,,,,TY0181,路口多功能違規科技執法
,桃園市,3,24.95706061,121.2482547,C0C700,夜間(或隧道、地下道、涵洞)有照明,,,,,交岔路,行車管制號誌(附設行人專用號誌),,,,TY0191,路口多功能違規科技執法
,桃園市,1,24.95772029,121.249125,C0C700,夜間(或隧道、地下道、涵洞)有照明,,,,,交岔路,行車管制號誌(附設行人專用號誌),,,,TY0190,路口多功能違規科技執法
,桃園市,3,24.87719056,121.2427308,C0C670,夜間(或隧道、地下道、涵洞)有照明,,,,,交岔路,行車管制號誌,,,,,
,桃園市,1,25.00695214,121.29251,C0C480,夜間(或隧道、地下道、涵洞)有照明,,,,,交岔路,行車管制號誌(附設行人專用號誌),,,,TY0004,固定式交通違規照相路段
,桃園市,1,24.96419548,121.3003825,C0C480,夜間(或隧道、地下道、涵洞)有照明,,,,,交岔路,行車管制號誌,,,,TY0450,路口多功能違規科技執法
,桃園市,1,25.0150405,121.3064359,C0C480,夜間(或隧道、地下道、涵洞)有照明,,,,,交岔路,行車管制號誌(附設行人專用號誌),,,,TY0424,路口多功能違規科技執法
,桃園市,2,24.92360405,121.2956959,C0C490,夜間(或隧道、地下道、涵洞)有照明,,,,,交岔路,行車管制號誌,,,,,
,桃園市,1,25.00558518,121.2904657,C0C480,夜間(或隧道、地下道、涵洞)有照明,,,,,交岔路,行車管制號誌,,,,TY0005,固定式交通違規照相路段
,桃園市,2,24.98834146,121.3069781,C0C480,夜間(或隧道、地下道、涵洞)有照明,,,,,交岔路,無號誌,,,,TY0179,路口多功能違規科技執法
,桃園市,1,24.95078721,121.2182635,C0C700,夜間(或隧道、地下道、涵洞)有照明,,,,,交岔路,行車管制號誌,,,,TY0034,固定式交通違規照相路段
,桃園市,2,24.95914435,121.2245314,C0C700,夜間(或隧道、地下道、涵洞)有照明,,,,,交岔路,行車管制號誌(附設行人專用號誌),,,,TY0201,路口多功能違規科技執法
,桃園市,2,24.96704624,121.2444182,C0C700,夜間(或隧道、地下道、涵洞)有照明,,,,,交岔路,行車管制號誌,,,,TY0134,路口多功能違規科技執法
,桃園市,1,24.93298897,121.2147537,C0C650,夜間(或隧道、地下道、涵洞)有照明,,,,,交岔路,行車管制號誌,,,,,
,桃園市,2,24.9623927,121.2229883,C0C700,夜間(或隧道、地下道、涵洞)有照明,,,,,交岔路,行車管制號誌(附設行人專用號誌),,,,,
,桃園市,1,24.98375794,121.1886834,C0C590,夜間(或隧道、地下道、涵洞)有照明,,,,,交岔路,行車管制號誌,,,,TY0197,路口多功能違規科技執法
,桃園市,1,24.98609587,121.2384716,C0C700,夜間(或隧道、地下道、涵洞)有照明,,,,,交岔路,無號誌,,,,TY0202,路口多功能違規科技執法
,桃園市,2,24.99886697,121.3084342,C0C480,夜間(或隧道、地下道、涵洞)有照明,,,,,交岔路,行車管制號誌(附設行人專用號誌),,,,,
,桃園市,1,24.98703866,121.2221987,C0C700,夜間(或隧道、地下道、涵洞)有照明,,,,,交岔路,行車管制號誌,,,,TY0014,固定式交通違規照相路段
,桃園市,2,24.9555837,121.2355003,C0C700,夜間(或隧道、地下道、涵洞)有照明,,,,,交岔路,行車管制號誌,,,,,
,桃園市,1,24.9576228,121.2992226,C0C490,夜間(或隧道、地下道、涵洞)有照明,,,,,交岔路,行車管制號誌,,,,TY0241,路口多功能違規科技執法
,桃園市,1,24.94312817,121.2226697,C0C650,夜間(或隧道、地下道、涵洞)有照明,,,,,交岔路,無號誌,,,,TY0036,固定式交通違規照相路段
,桃園市,1,24.89161645,121.2123703,C0C650,夜間(或隧道、地下道、涵洞)有照明,,,,,交岔路,行車管制號誌,,,,TY0029,固定式交通違規照相路段
,桃園市,1,24.95296686,121.2214273,C0C700,夜間(或隧道、地下道、涵洞)有照明,,,,,交岔路,行車管制號誌,,,,,
,桃園市,1,25.05478026,121.2227482,C0C620,夜間(或隧道、地下道、涵洞)有照明,,,,,交岔路,行車管制號誌,,,,,
,桃園市,1,24.98835073,121.3070597,C0C480,夜間(或隧道、地下道、涵洞)有照明,,,,,交岔路,無號誌,,,,TY0179,路口多功能違規科技執法
,桃園市,1,24.91179999,121.2378337,C0C650,夜間(或隧道、地下道、涵洞)有照明,,,,,單路部分,無號誌,,,,,
,桃園市,1,25.00195147,121.363721,C0C680,夜間(或隧道、地下道、涵洞)有照明,,,,,交岔路,行車管制號誌,,,,,
,桃園市,1,24.97377152,121.1984211,C0C700,夜間(或隧道、地下道、涵洞)有照明,,,,,交岔路,行車管制號誌,,,,TY0282,移動式測速設備執法地點
,桃園市,2,24.9820529,121.3076385,C0C480,夜間(或隧道、地下道、涵洞)有照明,,,,,交岔路,行車管制號誌(附設行人專用號誌),,,,TY0180,路口多功能違規科技執法
,桃園市,1,25.0007816,121.314119,C0C480,夜間(或隧道、地下道、涵洞)有照明,,,,,交岔路,行車管制號誌(附設行人專用號誌),,,,TY0278,移動式測速設備執法地點
,桃園市,1,24.9784728,121.3038721,C0C480,夜間(或隧道、地下道、涵洞)有照明,,,,,交岔路,行車管制號誌,,,,,
,桃園市,1,24.99106653,121.3149981,C0C480,夜間(或隧道、地下道、涵洞)有照明,,,,,交岔路,行車管制號誌(附設行人專用號誌),,,,TY0183,路口多功能違規科技執法
,桃園市,1,24.94807598,121.2351215,C0C700,夜間(或隧道、地下道、涵洞)有照明,,,,,交岔路,行車管制號誌(附設行人專用號誌),,,,TY0297,移動式測速設備執法地點
,桃園市,1,24.94825838,121.2838075,C0C490,夜間(或隧道、地下道、涵洞)有照明,,,,,交岔路,行車管制號誌,,,,TY0248,路口多功能違規科技執法
,桃園市,1,24.99059056,121.3154407,C0C480,夜間(或隧道、地下道、涵洞)有照明,,,,,交岔路,無號誌,,,,TY0183,路口多功能違規科技執法
,桃園市,1,24.92916061,121.2844732,C0C490,夜間(或隧道、地下道、涵洞)有照明,,,,,交岔路,行車管制號誌,,,,TY0249,路口多功能違規科技執法
,桃園市,1,24.95681572,121.2931384,C0C490,夜間(或隧道、地下道、涵洞)有照明,,,,,交岔路,閃光號誌,,,,,
,臺南市,6,23.02342045,120.2158873,C0X100,夜間(或隧道、地下道、涵洞)有照明,,,,,交岔路,行車管制號誌,,,,TN0112,路口多功能違規科技執法
,臺南市,1,22.99822518,120.1978346,C0X100,夜間(或隧道、地下道、涵洞)有照明,,,,,交岔路,行車管制號誌,,,,TN0067,固定式交通違規照相路段
,臺南市,1,23.01634623,120.2107084,C0X100,夜間(或隧道、地下道、涵洞)有照明,,,,,交岔路,行車管制號誌(附設行人專用號誌),,,,,
,臺南市,1,23.01351615,120.2120501,C0X100,夜間(或隧道、地下道、涵洞)有照明,,,,,交岔路,行車管制號誌,,,,TN0087,固定式交通違規照相路段
,臺南市,1,22.98335086,120.219977,C0X100,夜間(或隧道、地下道、涵洞)有照明,,,,,交岔路,行車管制號誌,,,,,
,臺南市,1,22.95906327,120.1839496,C0X110,夜間(或隧道、地下道、涵洞)有照明,,,,,交岔路,行車管制號誌,,,,TN0099,固定式交通違規照相路段
,臺南市,1,22.99883485,120.2113845,C0X100,夜間(或隧道、地下道、涵洞)有照明,,,,,交岔路,閃光號誌,,,,TN0068,固定式交通違規照相路段
,臺南市,1,23.01546303,120.210099,C0X100,夜間(或隧道、地下道、涵洞)有照明,,,,,交岔路,行車管制號誌,,,,TN0087,固定式交通違規照相路段
,臺南市,1,22.98135191,120.2036925,C0X100,夜間(或隧道、地下道、涵洞)有照明,,,,,交岔路,行車管制號誌,,,,TN0124,路口多功能違規科技執法
,臺南市,1,23.01068506,120.2107746,C0X100,夜間(或隧道、地下道、涵洞)有照明,,,,,交岔路,行車管制號誌,,,,,
,臺南市,2,22.99239758,120.2178328,C0X100,夜間(或隧道、地下道、涵洞)有照明,,,,,交岔路,行車管制號誌,,,,,
,臺南市,2,23.02365925,120.2182978,C0X100,夜間(或隧道、地下道、涵洞)有照明,,,,,交岔路,行車管制號誌,,,,TN0110,路口多功能違規科技執法
,臺南市,1,22.97523851,120.203915,C0X100,夜間(或隧道、地下道、涵洞)有照明,,,,,交岔路,行車管制號誌,,,,,
,臺南市,4,23.02288865,120.2193551,C0X100,夜間(或隧道、地下道、涵洞)有照明,,,,,交岔路,閃光號誌,,,,TN0110,路口多功能違規科技執法
,臺南市,1,23.01477223,120.2130956,C0X100,夜間(或隧道、地下道、涵洞)有照明,,,,,交岔路,行車管制號誌(附設行人專用號誌),,,,TN0087,固定式交通違規照相路段
,臺南市,2,23.011652,120.2005492,C0X100,夜間(或隧道、地下道、涵洞)有照明,,,,,交岔路,行車管制號誌(附設行人專用號誌),,,,TN0129,路口多功能違規科技執法
,臺南市,1,22.99043876,120.1977903,C0X100,夜間(或隧道、地下道、涵洞)有照明,,,,,交岔路,行車管制號誌,,,,TN0114,路口多功能違規科技執法
,臺南市,1,22.99482149,120.2084503,C0X100,夜間(或隧道、地下道、涵洞)有照明,,,,,交岔路,行車管制號誌,,,,TN0109,路口多功能違規科技執法
,臺南市,1,23.02026253,120.1993281,C0X100,夜間(或隧道、地下道、涵洞)有照明,,,,,交岔路,行車管制號誌,,,,TN0086,固定式交通違規照相路段
,臺南市,1,23.00764556,120.2207792,C0X100,夜間(或隧道、地下道、涵洞)有照明,,,,,交岔路,行車管制號誌,,,,TN0126,路口多功能違規科技執法
,臺南市,1,22.98212557,120.2159037,C0X100,夜間(或隧道、地下道、涵洞)有照明,,,,,交岔路,行車管制號誌,,,,,
,臺南市,1,23.03624653,120.21365,C0X100,夜間(或隧道、地下道、涵洞)有照明,,,,,交岔路,行車管制號誌,,,,,
,臺南市,1,23.01809586,120.1931932,C0X100,夜間(或隧道、地下道、涵洞)有照明,,,,,交岔路,行車管制號誌,,,,TN0116,路口多功能違規科技執法
,臺南市,1,22.9433498,120.2498509,C0X160,夜間(或隧道、地下道、涵洞)有照明,,,,,交岔路,行車管制號誌,,,,,
,臺南市,1,23.0097812,120.1938852,C0X100,夜間(或隧道、地下道、涵洞)有照明,,,,,交岔路,行車管制號誌(附設行人專用號誌),,,,,
,臺南市,3,22.99629403,120.218151,C0X100,夜間(或隧道、地下道、涵洞)有照明,,,,,交岔路,行車管制號誌,,,,,
,臺南市,3,23.02351709,120.2181863,C0X100,夜間(或隧道、地下道、涵洞)有照明,,,,,交岔路,行車管制號誌,,,,TN0110,路口多功能違規科技執法
,臺南市,3,22.99440539,120.2131461,C0X100,夜間(或隧道、地下道、涵洞)有照明,,,,,交岔路,行車管制號誌,,,,TN0130,違規停車科技執法
,臺南市,1,23.00100192,120.2087308,C0X100,夜間(或隧道、地下道、涵洞)有照明,,,,,交岔路,行車管制號誌(附設行人專用號誌),,,,TN0127,路口多功能違規科技執法
,臺南市,2,23.01348512,120.2308357,C0X100,夜間(或隧道、地下道、涵洞)有照明,,,,,交岔路,行車管制號誌,,,,TN0107,路口多功能違規科技執法
,臺南市,1,23.01901006,120.2412296,C0X100,夜間(或隧道、地下道、涵洞)有照明,,,,,交岔路,行車管制號誌,,,,,
,臺南市,1,22.99082643,120.1979629,C0X100,夜間(或隧道、地下道、涵洞)有照明,,,,,交岔路,無號誌,,,,TN0114,路口多功能違規科技執法
,臺南市,3,23.00404291,120.2135892,C0X100,夜間(或隧道、地下道、涵洞)有照明,,,,,交岔路,行車管制號誌(附設行人專用號誌),,,,TN0090,固定式交通違規照相路段
,臺南市,1,22.99868332,120.2506221,C0X160,夜間(或隧道、地下道、涵洞)有照明,,,,,交岔路,行車管制號誌,,,,TN0058,固定式交通違規照相路段
,臺南市,1,22.9927831,120.2341071,C0X100,夜間(或隧道、地下道、涵洞)有照明,,,,,交岔路,行車管制號誌,,,,TN0108,路口多功能違規科技執法
,臺南市,2,22.9811593,120.2295135,C0X100,夜間(或隧道、地下道、涵洞)有照明,,,,,交岔路,行車管制號誌,,,,TN0066,固定式交通違規照相路段
,臺南市,1,22.99849545,120.2347801,C0X100,夜間(或隧道、地下道、涵洞)有照明,,,,,交岔路,行車管制號誌,,,,,
,臺南市,1,22.99110527,120.2245352,C0X100,夜間(或隧道、地下道、涵洞)有照明,,,,,交岔路,行車管制號誌,,,,TN0123,路口多功能違規科技執法
,臺南市,1,22.98329387,120.2264819,C0X100,夜間(或隧道、地下道、涵洞)有照明,,,,,交岔路,行車管制號誌,,,,,
,高雄市,5,22.5957565,120.3163398,C0V890,夜間(或隧道、地下道、涵洞)有照明,,,,,交岔路,行車管制號誌,,,,KH0293,固定式交通違規照相路段
,高雄市,1,22.6447234,120.314352,C0V700,夜間(或隧道、地下道、涵洞)有照明,,,,,交岔路,行車管制號誌,,,,KH0150,固定式交通違規照相路段
,高雄市,3,22.62469049,120.3423084,C0V710,夜間(或隧道、地下道、涵洞)有照明,,,,,交岔路,行車管制號誌,,,,KH0332,固定式交通違規照相路段
,高雄市,2,22.58043524,120.3290718,C0V890,夜間(或隧道、地下道、涵洞)有照明,,,,,交岔路,行車管制號誌,,,,KH0122,路口多功能違規科技執法
,高雄市,2,22.62756163,120.3015267,C0V490,夜間(或隧道、地下道、涵洞)有照明,,,,,交岔路,行車管制號誌,,,,,
,高雄市,3,22.63921716,120.3279612,C0V700,夜間(或隧道、地下道、涵洞)有照明,,,,,交岔路,行車管制號誌,,,,,
,高雄市,3,22.59276923,120.3187741,C0V890,夜間(或隧道、地下道、涵洞)有照明,,,,,交岔路,行車管制號誌,,,,KH0139,路口多功能違規科技執法
,高雄市,2,22.63152541,120.3019156,C0V490,夜間(或隧道、地下道、涵洞)有照明,,,,,交岔路,行車管制號誌,,,,,
,高雄市,2,22.62914647,120.3016729,C0V490,夜間(或隧道、地下道、涵洞)有照明,,,,,交岔路,行車管制號誌,,,,,
,高雄市,1,22.76700009,120.3059397,C0V760,夜間(或隧道、地下道、涵洞)有照明,,,,,交岔路,行車管制號誌,,,,KH0403,固定式交通違規照相路段
,高雄市,2,22.67875541,120.318924,C0V810,夜間(或隧道、地下道、涵洞)有照明,,,,,交岔路,行車管制號誌,,,,KH0253,固定式交通違規照相路段
,高雄市,2,22.67860617,120.297491,C0V810,夜間(或隧道、地下道、涵洞)有照明,,,,,交岔路,行車管制號誌,,,,KH0258,固定式交通違規照相路段
,高雄市,1,22.65200099,120.3036462,C0V700,夜間(或隧道、地下道、涵洞)有照明,,,,,交岔路,行車管制號誌,,,,,
,高雄市,3,22.64045211,120.3141504,C0V700,夜間(或隧道、地下道、涵洞)有照明,,,,,交岔路,行車管制號誌,,,,KH0171,固定式交通違規照相路段
,高雄市,1,22.64985422,120.3242213,C0V700,夜間(或隧道、地下道、涵洞)有照明,,,,,交岔路,行車管制號誌,,,,KH0004,移動式測速設備執法地點
,高雄市,1,22.70668242,120.3246067,C0V680,夜間(或隧道、地下道、涵洞)有照明,,,,,交岔路,行車管制號誌,,,,,
,高雄市,2,22.63461795,120.3021771,C0V490,夜間(或隧道、地下道、涵洞)有照明,,,,,交岔路,行車管制號誌,,,,KH0343,固定式交通違規照相路段
,高雄市,1,22.6162643,120.3535275,C0V710,夜間(或隧道、地下道、涵洞)有照明,,,,,交岔路,行車管制號誌,,,,KH0382,固定式交通違規照相路段
,高雄市,1,22.78926807,120.299371,C0V660,夜間(或隧道、地下道、涵洞)有照明,,,,,交岔路,行車管制號誌,,,,,
,高雄市,1,22.69539326,120.3222281,C0V680,夜間(或隧道、地下道、涵洞)有照明,,,,,交岔路,行車管制號誌,,,,KH0033,移動式測速設備執法地點
,高雄市,2,22.62977913,120.3233996,C0V710,夜間(或隧道、地下道、涵洞)有照明,,,,,交岔路,行車管制號誌,,,,KH0131,路口多功能違規科技執法
,高雄市,2,22.70141594,120.3233099,C0V680,夜間(或隧道、地下道、涵洞)有照明,,,,,交岔路,行車管制號誌,,,,KH0106,路口多功能違規科技執法
,高雄市,2,22.62817092,120.3444665,C0V710,夜間(或隧道、地下道、涵洞)有照明,,,,,交岔路,行車管制號誌,,,,,
,高雄市,1,22.68013807,120.3403296,C0V680,夜間(或隧道、地下道、涵洞)有照明,,,,,交岔路,行車管制號誌,,,,KH0227,固定式交通違規照相路段
,高雄市,1,22.65977899,120.3157216,C0V700,夜間(或隧道、地下道、涵洞)有照明,,,,,交岔路,行車管制號誌,,,,KH0172,固定式交通違規照相路段
,高雄市,1,22.62551863,120.3618961,C0V440,夜間(或隧道、地下道、涵洞)有照明,,,,,交岔路,行車管制號誌,,,,,
,高雄市,2,22.62232201,120.2986288,C0V490,夜間(或隧道、地下道、涵洞)有照明,,,,,交岔路,行車管制號誌,,,,KH0102,路口多功能違規科技執法
,高雄市,1,22.63756216,120.3505785,C0V440,夜間(或隧道、地下道、涵洞)有照明,,,,,交岔路,行車管制號誌,,,,KH0383,固定式交通違規照相路段
,高雄市,1,22.58849,120.3222105,C0V890,夜間(或隧道、地下道、涵洞)有照明,,,,,交岔路,行車管制號誌,,,,,
,高雄市,1,22.63632385,120.3572236,C0V440,夜間(或隧道、地下道、涵洞)有照明,,,,,交岔路,行車管制號誌,,,,,
,高雄市,1,22.63014071,120.321559,C0V710,夜間(或隧道、地下道、涵洞)有照明,,,,,交岔路,行車管制號誌,,,,KH0325,固定式交通違規照相路段
,高雄市,1,22.5779636,120.3714458,C0V730,夜間(或隧道、地下道、涵洞)有照明,,,,,交岔路,行車管制號誌,,,,KH0116,偵測未依車道或標線行駛
,高雄市,1,22.61613862,120.3010877,C0V490,夜間(或隧道、地下道、涵洞)有照明,,,,,交岔路,行車管制號誌,,,,KH0061,移動式測速設備執法地點
,高雄市,1,22.79457908,120.2970684,C0V660,夜間(或隧道、地下道、涵洞)有照明,,,,,交岔路,無號誌,,,,KH0271,固定式交通違規照相路段
,高雄市,1,22.62607722,120.2971607,C0V490,夜間(或隧道、地下道、涵洞)有照明,,,,,交岔路,行車管制號誌,,,,KH0282,固定式交通違規照相路段
,高雄市,1,22.71486598,120.3256877,C0V760,夜間(或隧道、地下道、涵洞)有照明,,,,,交岔路,行車管制號誌,,,,KH0358,固定式交通違規照相路段
,高雄市,1,22.6412227,120.3029176,C0V700,夜間(或隧道、地下道、涵洞)有照明,,,,,單路部分,無號誌,,,,KH0142,路口多功能違規科技執法
,臺中市,2,24.15506827,120.6861586,C0F9U0,夜間(或隧道、地下道、涵洞)有照明,,,,,交岔路,行車管制號誌,,,,TC0013,固定式交通違規照相路段
,臺中市,2,24.14624116,120.6860834,C0F9U0,夜間(或隧道、地下道、涵洞)有照明,,,,,交岔路,行車管制號誌,,,,TC0214,固定式交通違規照相路段
,臺中市,1,24.15530646,120.69441,C0F9U0,夜間(或隧道、地下道、涵洞)有照明,,,,,交岔路,行車管制號誌,,,,TC0248,固定式交通違規照相路段
,臺中市,1,24.18511987,120.6445968,C0F9T0,夜間(或隧道、地下道、涵洞)有照明,,,,,交岔路,行車管制號誌,,,,,
,臺中市,1,24.13204558,120.6687495,C0F9U0,夜間(或隧道、地下道、涵洞)有照明,,,,,交岔路,行車管制號誌,,,,TC0184,固定式交通違規照相路段
,臺中市,1,24.17390529,120.6712661,C0F9T0,夜間(或隧道、地下道、涵洞)有照明,,,,,交岔路,行車管制號誌,,,,TC0641,路口多功能違規科技執法
,臺中市,3,24.17218955,120.6854387,C0F9U0,夜間(或隧道、地下道、涵洞)有照明,,,,,交岔路,行車管制號誌(附設行人專用號誌),,,,TC0638,路口多功能違規科技執法
,臺中市,1,24.16900238,120.64697,C0F9T0,夜間(或隧道、地下道、涵洞)有照明,,,,,交岔路,行車管制號誌,,,,,
,臺中市,1,24.16796418,120.6483041,C0F9T0,夜間(或隧道、地下道、涵洞)有照明,,,,,交岔路,行車管制號誌,,,,,
,臺中市,1,24.13319077,120.6940052,C0F9U0,夜間(或隧道、地下道、涵洞)有照明,,,,,交岔路,行車管制號誌,,,,TC0634,路口多功能違規科技執法
,臺中市,1,24.22310471,120.649737,C0F9T0,夜間(或隧道、地下道、涵洞)有照明,,,,,交岔路,行車管制號誌,,,,,
,臺中市,2,24.14464632,120.6817762,C0F9U0,夜間(或隧道、地下道、涵洞)有照明,,,,,交岔路,行車管制號誌,,,,TC0211,固定式交通違規照相路段
,臺中市,2,24.23698894,120.7103591,C0F9M0,夜間(或隧道、地下道、涵洞)有照明,,,,,交岔路,行車管制號誌(附設行人專用號誌),,,,,
,臺中市,5,24.15503137,120.6862578,C0F9U0,夜間(或隧道、地下道、涵洞)有照明,,,,,交岔路,行車管制號誌,,,,TC0633,路口多功能違規科技執法
,臺中市,1,24.23750832,120.569575,C0FA40,夜間(或隧道、地下道、涵洞)有照明,,,,,交岔路,行車管制號誌,,,,TC0648,路口多功能違規科技執法
,臺中市,1,24.15727402,120.6597908,C0F9U0,夜間(或隧道、地下道、涵洞)有照明,,,,,交岔路,行車管制號誌,,,,TC0181,固定式交通違規照相路段
,臺中市,3,24.17039393,120.6977866,C0F970,夜間(或隧道、地下道、涵洞)有照明,,,,,交岔路,行車管制號誌(附設行人專用號誌),,,,TC0640,路口多功能違規科技執法
,臺中市,1,24.1207314,120.6500969,C0F9U0,夜間(或隧道、地下道、涵洞)有照明,,,,,交岔路,行車管制號誌(附設行人專用號誌),,,,TC0635,路口多功能違規科技執法
,臺中市,1,24.16283557,120.6496292,C0F9T0,夜間(或隧道、地下道、涵洞)有照明,,,,,交岔路,行車管制號誌,,,,TC0642,路口多功能違規科技執法
,臺中市,1,24.24116258,120.5607983,C0FA40,夜間(或隧道、地下道、涵洞)有照明,,,,,交岔路,行車管制號誌,,,,,
,臺中市,1,24.15380097,120.6834248,C0F9U0,夜間(或隧道、地下道、涵洞)有照明,,,,,交岔路,行車管制號誌,,,,TC0633,路口多功能違規科技執法
,臺中市,1,24.20977094,120.5812938,C0F9T0,夜間(或隧道、地下道、涵洞)有照明,,,,,交岔路,行車管制號誌,,,,TC0647,路口多功能違規科技執法
,臺中市,1,24.30600486,120.5966959,C0F9P0,夜間(或隧道、地下道、涵洞)有照明,,,,,交岔路,行車管制號誌,,,,,
,臺中市,1,24.16491502,120.6941834,C0F9U0,夜間(或隧道、地下道、涵洞)有照明,,,,,交岔路,行車管制號誌,,,,TC0305,固定式交通違規照相路段
,臺中市,3,24.13178055,120.676666,C0F9U0,夜間(或隧道、地下道、涵洞)有照明,,,,,交岔路,行車管制號誌,,,,,
,臺中市,1,24.15598817,120.6857335,C0F9U0,夜間(或隧道、地下道、涵洞)有照明,,,,,交岔路,行車管制號誌,,,,TC0224,固定式交通違規照相路段
,臺中市,1,24.13301825,120.6934882,C0F9U0,夜間(或隧道、地下道、涵洞)有照明,,,,,交岔路,行車管制號誌,,,,TC0634,路口多功能違規科技執法
,臺中市,1,24.20351215,120.5672388,C0F9R0,夜間(或隧道、地下道、涵洞)有照明,,,,,交岔路,行車管制號誌,,,,,
,臺中市,1,24.17870377,120.6244656,C0F9T0,夜間(或隧道、地下道、涵洞)有照明,,,,,交岔路,行車管制號誌,,,,TC0643,路口多功能違規科技執法
,臺中市,1,24.13104862,120.6678083,C0F9U0,夜間(或隧道、地下道、涵洞)有照明,,,,,交岔路,行車管制號誌,,,,TC0184,固定式交通違規照相路段
,臺中市,1,24.21575378,120.667634,C0F9O0,夜間(或隧道、地下道、涵洞)有照明,,,,,交岔路,行車管制號誌,,,,,
,臺中市,2,24.11010302,120.6899672,C0F9N0,夜間(或隧道、地下道、涵洞)有照明,,,,,交岔路,行車管制號誌,,,,,
,臺中市,1,24.18283169,120.6027263,C0F9T0,夜間(或隧道、地下道、涵洞)有照明,,,,,交岔路,行車管制號誌(附設行人專用號誌),,,,TC0057,固定式交通違規照相路段
,臺中市,1,24.18283169,120.6027263,C0F9T0,夜間(或隧道、地下道、涵洞)有照明,,,,,交岔路,行車管制號誌(附設行人專用號誌),,,,TC0057,固定式交通違規照相路段
,臺中市,1,24.15080967,120.6529963,C0F9U0,夜間(或隧道、地下道、涵洞)有照明,,,,,交岔路,行車管制號誌,,,,,
,臺中市,1,24.1400527,120.6208459,C0F9U0,夜間(或隧道、地下道、涵洞)有照明,,,,,交岔路,行車管制號誌,,,,TC0637,路口多功能違規科技執法
,臺中市,1,24.16460151,120.6464384,C0F9T0,夜間(或隧道、地下道、涵洞)有照明,,,,,交岔路,行車管制號誌,,,,TC0627,違規停車科技執法
,臺中市,1,24.12861736,120.6689752,C0F9U0,夜間(或隧道、地下道、涵洞)有照明,,,,,交岔路,行車管制號誌,,,,TC0184,固定式交通違規照相路段
,臺中市,1,24.14675699,120.6616816,C0F9U0,夜間(或隧道、地下道、涵洞)有照明,,,,,交岔路,行車管制號誌,,,,,
,臺中市,1,24.18598902,120.5856246,C0F9R0,夜間(或隧道、地下道、涵洞)有照明,,,,,交岔路,行車管制號誌(附設行人專用號誌),,,,,
,臺中市,1,24.13882852,120.6693903,C0F9U0,夜間(或隧道、地下道、涵洞)有照明,,,,,交岔路,行車管制號誌,,,,TC0192,固定式交通違規照相路段
,臺中市,1,24.12059588,120.6500047,C0F9U0,夜間(或隧道、地下道、涵洞)有照明,,,,,交岔路,行車管制號誌(附設行人專用號誌),,,,TC0635,路口多功能違規科技執法
